{"K180": 1768502332.3071258, "K192": 1768502335.7249782, "K193": 1768502337.7350893, "K194": 1768502339.7342749, "K114": 1768673924.746591, "K144": 1768673929.2425456, "K063": 1768831416.8130984}