{"K193": 1768502337.7350893, "K194": 1768502339.7342749, "K005": 1770588875.905976, "K069": 1770588879.906567, "K063": 1771202119.1842258}